{"stats":{"minecraft:mined":{"minecraft:grass":33,"biomesoplenty:high_grass":39,"minecraft:grass_block":3,"biomesoplenty:high_grass_plant":96,"minecraft:tall_grass":10},"minecraft:killed":{"minecraft:skeleton":1},"minecraft:used":{"minecraft:bow":9,"minecraft:skeleton_spawn_egg":1,"minecraft:grass_block":20,"minecraft:baked_potato":4,"tombstone:gift":2,"minecraft:netherite_sword":11},"minecraft:custom":{"minecraft:open_chest":1,"minecraft:time_since_rest":4291,"minecraft:damage_taken":529,"minecraft:play_time":14233,"minecraft:crouch_one_cm":2656,"minecraft:sprint_one_cm":16441,"minecraft:deaths":1,"tombstone:undead_killed":1,"minecraft:walk_one_cm":17165,"minecraft:sneak_time":942,"minecraft:walk_under_water_one_cm":10202,"minecraft:mob_kills":1,"minecraft:drop":7,"minecraft:jump":240,"minecraft:damage_dealt":369,"minecraft:leave_game":4,"minecraft:time_since_death":5486,"minecraft:walk_on_water_one_cm":237,"minecraft:total_world_time":14233,"minecraft:fall_one_cm":3936,"minecraft:fly_one_cm":91746},"minecraft:dropped":{"tombstone:grave_dust":1,"minecraft:arrow":96,"minecraft:bow":2,"minecraft:baked_potato":70},"minecraft:picked_up":{"minecraft:arrow":96,"minecraft:bow":2,"minecraft:wheat_seeds":2,"minecraft:baked_potato":70,"alexsmobs:animal_dictionary":1,"minecraft:leather_boots":1,"minecraft:dirt":3,"minecraft:leather_helmet":1}},"DataVersion":3465}