{"stats":{"minecraft:killed":{"minecraft:skeleton":1},"minecraft:mined":{"minecraft:grass":25,"minecraft:grass_block":3,"biomesoplenty:high_grass":34,"biomesoplenty:high_grass_plant":87,"minecraft:tall_grass":10},"minecraft:picked_up":{"minecraft:wheat_seeds":2,"minecraft:dirt":3},"minecraft:custom":{"minecraft:deaths":1,"minecraft:time_since_rest":0,"minecraft:open_chest":1,"minecraft:damage_taken":304,"minecraft:crouch_one_cm":2329,"minecraft:sprint_one_cm":13716,"minecraft:play_time":8553,"tombstone:undead_killed":1,"minecraft:walk_one_cm":11472,"minecraft:sneak_time":743,"minecraft:walk_under_water_one_cm":10202,"minecraft:mob_kills":1,"minecraft:jump":176,"minecraft:damage_dealt":369,"minecraft:leave_game":3,"minecraft:walk_on_water_one_cm":237,"minecraft:time_since_death":0,"minecraft:total_world_time":8553,"minecraft:fall_one_cm":3727,"minecraft:fly_one_cm":59595},"minecraft:used":{"minecraft:netherite_sword":11,"minecraft:skeleton_spawn_egg":1,"minecraft:grass_block":17}},"DataVersion":3465}