{"stats":{"minecraft:killed":{"alexsmobs:raccoon":2},"minecraft:used":{"minecraft:bow":2,"minecraft:baked_potato":1},"minecraft:custom":{"minecraft:time_since_rest":2743,"minecraft:crouch_one_cm":699,"minecraft:play_time":2743,"minecraft:sprint_one_cm":5679,"minecraft:damage_taken":120,"minecraft:walk_one_cm":3045,"minecraft:sneak_time":183,"minecraft:mob_kills":2,"minecraft:drop":6,"minecraft:jump":44,"minecraft:time_since_death":2743,"minecraft:total_world_time":2743,"minecraft:fall_one_cm":1370,"minecraft:fly_one_cm":8061},"minecraft:dropped":{"minecraft:bow":1,"minecraft:arrow":32,"minecraft:baked_potato":6,"alexsmobs:animal_dictionary":1,"minecraft:leather_helmet":1,"minecraft:leather_boots":1},"minecraft:picked_up":{"minecraft:arrow":32,"minecraft:bow":1,"minecraft:baked_potato":5,"alexsmobs:raccoon_tail":2}},"DataVersion":3465}